Product_ID,Name,Brand,Category,Original_Price,Discounted_Price,Delivery_Options,Sales_Volume,Avg_Star_Rating,Total_Reviews,Product_URL
iphone-17-pro-max,iPhone 17 Pro Max 256GB,iPhone (Apple),smartphone,37990000,36990000,standard,243400,4.9,10,https://www.thegioididong.com/dtdd/iphone-17-pro-max
samsung-galaxy-a17-4gb-128gb,Samsung Galaxy A17 4GB/128GB,Samsung,smartphone,4890000,4690000,standard,65500,4.9,10,https://www.thegioididong.com/dtdd/samsung-galaxy-a17-4gb-128gb
samsung-galaxy-a07-4gb-64gb,Samsung Galaxy A07 4GB/64GB,Samsung,smartphone,3290000,3090000,standard,67500,4.9,10,https://www.thegioididong.com/dtdd/samsung-galaxy-a07-4gb-64gb
nokia-105-4g-pro,Nokia 105 4G Pro,Nokia,smartphone,750000,750000,standard,368800,4.9,10,https://www.thegioididong.com/dtdd/nokia-105-4g-pro
iphone-17,iPhone 17 256GB,iPhone (Apple),smartphone,24990000,23990000,standard,34300,4.9,10,https://www.thegioididong.com/dtdd/iphone-17
motorola-g06-power-4gb-128gb,Motorola G06 POWER 4GB/128GB,Motorola,smartphone,3990000,2990000,standard,20300,4.9,10,https://www.thegioididong.com/dtdd/motorola-g06-power-4gb-128gb
iphone-15-plus,iPhone 15 Plus 128GB,iPhone (Apple),smartphone,21990000,17990000,standard,101000,4.9,10,https://www.thegioididong.com/dtdd/iphone-15-plus
iphone-13,iPhone 13 128GB,iPhone (Apple),smartphone,13990000,11990000,standard,378700,4.9,10,https://www.thegioididong.com/dtdd/iphone-13
oppo-a6-8gb-128gb,OPPO A6 8GB/128GB,OPPO,smartphone,8990000,8990000,standard,21900,4.9,5,https://www.thegioididong.com/dtdd/oppo-a6-8gb-128gb
xiaomi-redmi-note-15-pro-5g-8gb-256gb,Xiaomi Redmi Note 15 Pro 5G 8GB/256GB,Xiaomi,smartphone,10490000,9990000,standard,29000,4.9,10,https://www.thegioididong.com/dtdd/xiaomi-redmi-note-15-pro-5g-8gb-256gb
oppo-a6x-4gb-64gb,OPPO A6x 4GB/64GB,OPPO,smartphone,4990000,4990000,standard,20700,4.9,1,https://www.thegioididong.com/dtdd/oppo-a6x-4gb-64gb
vivo-y05-4gb-64gb,vivo Y05 4GB/64GB Mẫu mới,vivo,smartphone,4990000,4590000,standard,4900,5,4900,https://www.thegioididong.com/dtdd/vivo-y05-4gb-64gb
realme-note-80-4gb-64gb,realme Note 80 4GB/64GB,realme,smartphone,3990000,3890000,standard,11000,4.9,1,https://www.thegioididong.com/dtdd/realme-note-80-4gb-64gb
xiaomi-redmi-15-6gb-128gb,Xiaomi Redmi 15 6GB/128GB,Xiaomi,smartphone,4790000,4790000,standard,51300,4.9,6,https://www.thegioididong.com/dtdd/xiaomi-redmi-15-6gb-128gb
masstel-izi-10-type-c,Masstel IZI 10 4G Type-C,Masstel,smartphone,430000,430000,standard,35200,5,35200,https://www.thegioididong.com/dtdd/masstel-izi-10-type-c
xiaomi-redmi-note-15-pro-8gb-256gb,Xiaomi Redmi Note 15 Pro 8GB/256GB,Xiaomi,smartphone,8990000,7990000,standard,20100,4.9,7,https://www.thegioididong.com/dtdd/xiaomi-redmi-note-15-pro-8gb-256gb
oppo-a6-pro-5g-8gb-256gb,OPPO A6 Pro 5G 8GB/256GB,OPPO,smartphone,10990000,10990000,standard,23700,4.9,3,https://www.thegioididong.com/dtdd/oppo-a6-pro-5g-8gb-256gb
masstel-fami-50,Masstel Fami 50 4G,Masstel,smartphone,650000,650000,standard,76500,4.9,10,https://www.thegioididong.com/dtdd/masstel-fami-50
masstel-izi-t6,Masstel IZI T6 4G,Masstel,smartphone,550000,550000,standard,140000,4.9,10,https://www.thegioididong.com/dtdd/masstel-izi-t6
samsung-galaxy-a37-6gb-128gb,Samsung Galaxy A37 5G 6GB/128GB,Samsung,smartphone,10290000,9990000,standard,6300,5,2,https://www.thegioididong.com/dtdd/samsung-galaxy-a37-6gb-128gb
realme-c85-8gb-128gb,realme C85 8GB/128GB,realme,smartphone,6290000,6090000,standard,13000,5,1,https://www.thegioididong.com/dtdd/realme-c85-8gb-128gb
oppo-reno15f-5g-8gb-256gb,OPPO Reno15 F 5G 8GB/256GB,OPPO,smartphone,11990000,11990000,standard,22200,4.9,7,https://www.thegioididong.com/dtdd/oppo-reno15f-5g-8gb-256gb
iphone-15,iPhone 15 128GB,iPhone (Apple),smartphone,18990000,17990000,standard,134800,4.9,10,https://www.thegioididong.com/dtdd/iphone-15
vivo-v60-lite-8gb-256gb,vivo V60 Lite 5G 8GB/256GB,vivo,smartphone,10490000,10190000,standard,29800,4.9,6,https://www.thegioididong.com/dtdd/vivo-v60-lite-8gb-256gb
xiaomi-redmi-a7-pro,Xiaomi Redmi A7 Pro 4GB/64GB,Xiaomi,smartphone,4190000,3890000,standard,2100,5,2100,https://www.thegioididong.com/dtdd/xiaomi-redmi-a7-pro
realme-c100i-4gb-64gb,realme C100i 4GB/64GB Mẫu mới,realme,smartphone,4690000,4390000,standard,1700,5,1700,https://www.thegioididong.com/dtdd/realme-c100i-4gb-64gb
oppo-find-x9s,OPPO Find X9s 12GB/256GB,OPPO,smartphone,24990000,23990000,standard,965,5,965,https://www.thegioididong.com/dtdd/oppo-find-x9s
nokia-hmd-105-4g,Nokia HMD 105 4G,Nokia,smartphone,690000,690000,standard,76700,4.9,10,https://www.thegioididong.com/dtdd/nokia-hmd-105-4g
xiaomi-17t-5g-12gb-256gb,Xiaomi 17T 5G 12GB/256GB Mẫu mới,Xiaomi,smartphone,20090000,15590000,standard,,,,https://www.thegioididong.com/dtdd/xiaomi-17t-5g-12gb-256gb
vivo-y31d-6gb-128gb,vivo Y31d 6GB/128GB,vivo,smartphone,8090000,7590000,standard,17700,4.9,3,https://www.thegioididong.com/dtdd/vivo-y31d-6gb-128gb
vivo-y11d-4gb-128gb,Vivo Y11d 4GB/128GB Mẫu mới,vivo,smartphone,6790000,6190000,standard,2800,5,2800,https://www.thegioididong.com/dtdd/vivo-y11d-4gb-128gb
oppo-reno15-5g-8gb-256gb,OPPO Reno15 5G 8GB/256GB,OPPO,smartphone,15990000,15990000,standard,21200,4.9,6,https://www.thegioididong.com/dtdd/oppo-reno15-5g-8gb-256gb
xiaomi-redmi-15c-6gb-128gb,Xiaomi Redmi 15C 6GB/128GB,Xiaomi,smartphone,4990000,4790000,standard,50200,4.9,10,https://www.thegioididong.com/dtdd/xiaomi-redmi-15c-6gb-128gb
samsung-galaxy-a07-5g-4gb-128gb,Samsung Galaxy A07 5G 4GB/128GB,Samsung,smartphone,4590000,4590000,standard,4200,4.9,,https://www.thegioididong.com/dtdd/samsung-galaxy-a07-5g-4gb-128gb
xiaomi-15t-12gb-256gb,Xiaomi 15T 5G 12GB/256GB,Xiaomi,smartphone,13990000,12290000,standard,32700,4.9,10,https://www.thegioididong.com/dtdd/xiaomi-15t-12gb-256gb
iphone-17-pro,iPhone 17 Pro 256GB,iPhone (Apple),smartphone,34990000,33990000,standard,26200,4.9,10,https://www.thegioididong.com/dtdd/iphone-17-pro
samsung-galaxy-s26-ultra-12gb-256gb,Samsung Galaxy S26 Ultra 5G 12GB/256GB,Samsung,smartphone,36990000,31990000,standard,7300,4.9,3,https://www.thegioididong.com/dtdd/samsung-galaxy-s26-ultra-12gb-256gb
vivo-v70-fe-8gb-256gb,Vivo V70 FE 5G 8GB/256GB,vivo,smartphone,13990000,13490000,standard,4300,4.9,2,https://www.thegioididong.com/dtdd/vivo-v70-fe-8gb-256gb
nokia-220-4g,Nokia 220 4G,Nokia,smartphone,1000000,1000000,standard,85600,4.9,10,https://www.thegioididong.com/dtdd/nokia-220-4g
realme-c100-4g-8gb-128gb,realme C100 4G 8GB/128GB,realme,smartphone,8290000,8090000,standard,2600,5,2600,https://www.thegioididong.com/dtdd/realme-c100-4g-8gb-128gb
realme-c71,realme C71 4GB/128GB,realme,smartphone,3920000,3820000,standard,29000,4.9,6,https://www.thegioididong.com/dtdd/realme-c71
realme-16-5g-8gb-256gb,realme 16 5G 8GB/256GB,realme,smartphone,11490000,11190000,standard,4900,4.9,1,https://www.thegioididong.com/dtdd/realme-16-5g-8gb-256gb
xiaomi-poco-c71-4gb-64gb,Xiaomi Poco C71 4GB/64GB Mẫu mới,Xiaomi,smartphone,3990000,3590000,standard,763,5,763,https://www.thegioididong.com/dtdd/xiaomi-poco-c71-4gb-64gb
xiaomi-redmi-note-15-6gb-128gb,Xiaomi Redmi Note 15 6GB/128GB,Xiaomi,smartphone,5990000,5690000,standard,3900,4.9,2,https://www.thegioididong.com/dtdd/xiaomi-redmi-note-15-6gb-128gb
mobell-m179,Mobell M179,Mobell,smartphone,410000,410000,standard,17700,4.9,5,https://www.thegioididong.com/dtdd/mobell-m179
xiaomi-redmi-note-15-pro-plus-5g-12gb-256gb,Xiaomi Redmi Note 15 Pro+ 5G 12GB/256GB,Xiaomi,smartphone,12990000,11990000,standard,8500,4.9,7,https://www.thegioididong.com/dtdd/xiaomi-redmi-note-15-pro-plus-5g-12gb-256gb
xiaomi-15t-12gb-512gb-xam,Xiaomi 15T 5G 12GB/512GB,Xiaomi,smartphone,14990000,12990000,standard,8000,4.9,6,https://www.thegioididong.com/dtdd/xiaomi-15t-12gb-512gb-xam
samsung-galaxy-a57-8gb-128gb,Samsung Galaxy A57 5G 8GB/128GB,Samsung,smartphone,12490000,11990000,standard,812,5,1,https://www.thegioididong.com/dtdd/samsung-galaxy-a57-8gb-128gb
mobell-m239,Mobell M239 4G,Mobell,smartphone,430000,430000,standard,193900,4.9,10,https://www.thegioididong.com/dtdd/mobell-m239
xiaomi-redmi-15-5g-4gb-128gb,Xiaomi Redmi 15 5G 4GB/128GB,Xiaomi,smartphone,5690000,5490000,standard,6500,4.9,10,https://www.thegioididong.com/dtdd/xiaomi-redmi-15-5g-4gb-128gb
samsung-galaxy-a17-5g-8gb-128gb,Samsung Galaxy A17 5G 8GB/128GB,Samsung,smartphone,6390000,6090000,standard,6300,4.9,9,https://www.thegioididong.com/dtdd/samsung-galaxy-a17-5g-8gb-128gb
iphone-14,iPhone 14 128GB,iPhone (Apple),smartphone,16990000,13990000,standard,112300,4.9,10,https://www.thegioididong.com/dtdd/iphone-14
samsung-galaxy-s25-ultra,Samsung Galaxy S25 Ultra 5G 12GB/256GB,Samsung,smartphone,33380000,27490000,standard,27500,4.9,10,https://www.thegioididong.com/dtdd/samsung-galaxy-s25-ultra
iphone-air,iPhone Air 256GB,iPhone (Apple),smartphone,31990000,22990000,standard,8400,4.9,7,https://www.thegioididong.com/dtdd/iphone-air
samsung-galaxy-s25-fe-5g-8gb-128gb,Samsung Galaxy S25 FE 5G 8GB/128GB,Samsung,smartphone,16690000,13790000,standard,4300,4.9,10,https://www.thegioididong.com/dtdd/samsung-galaxy-s25-fe-5g-8gb-128gb
oppo-a6c-4gb-128gb,OPPO A6c 4GB/128GB Mẫu mới,OPPO,smartphone,5690000,5690000,standard,,,,https://www.thegioididong.com/dtdd/oppo-a6c-4gb-128gb
masstel-s9,Masstel S9 6GB/256GB,Masstel,smartphone,2940000,2740000,standard,6000,4.9,10,https://www.thegioididong.com/dtdd/masstel-s9
realme-15t-5g-8gb-256gb,realme 15T 5G 8GB/256GB,realme,smartphone,8990000,8590000,standard,19100,4.9,10,https://www.thegioididong.com/dtdd/realme-15t-5g-8gb-256gb
oppo-reno15-pro-5g-12gb-256gb,OPPO Reno15 Pro 5G 12GB/256GB,OPPO,smartphone,18990000,18590000,standard,7100,4.9,3,https://www.thegioididong.com/dtdd/oppo-reno15-pro-5g-12gb-256gb
iphone-16,iPhone 16 128GB,iPhone (Apple),smartphone,21990000,20990000,standard,27600,4.9,10,https://www.thegioididong.com/dtdd/iphone-16
samsung-galaxy-s25,Samsung Galaxy S25 5G 12GB/256GB,Samsung,smartphone,22580000,18690000,standard,11700,4.9,10,https://www.thegioididong.com/dtdd/samsung-galaxy-s25
mobell-f209,Mobell F209 4G,Mobell,smartphone,610000,610000,standard,70300,4.9,10,https://www.thegioididong.com/dtdd/mobell-f209
iphone-16-plus,iPhone 16 Plus 128GB,iPhone (Apple),smartphone,25990000,23990000,standard,25800,4.9,6,https://www.thegioididong.com/dtdd/iphone-16-plus
vivo-y39-5g,vivo Y39 5G 8GB/128GB,vivo,smartphone,7360000,6860000,standard,24800,4.9,10,https://www.thegioididong.com/dtdd/vivo-y39-5g
samsung-galaxy-a56,Samsung Galaxy A56 5G 12GB/256GB,Samsung,smartphone,11780000,10280000,standard,68900,4.9,10,https://www.thegioididong.com/dtdd/samsung-galaxy-a56
realme-c71-6gb,realme C71 6GB/128GB,realme,smartphone,4410000,4310000,standard,49600,4.9,10,https://www.thegioididong.com/dtdd/realme-c71-6gb
realme-c85-5g-8gb-128gb,realme C85 5G 8GB/128GB,realme,smartphone,8090000,7690000,standard,1200,5,1200,https://www.thegioididong.com/dtdd/realme-c85-5g-8gb-128gb
samsung-galaxy-s26-12gb-256gb,Samsung Galaxy S26 5G 12GB/256GB,Samsung,smartphone,25990000,21990000,standard,1600,5,1600,https://www.thegioididong.com/dtdd/samsung-galaxy-s26-12gb-256gb
realme-p4-power-5g-12gb-256gb,realme P4 Power 5G 12GB/256GB,realme,smartphone,15990000,15190000,standard,1400,4.9,2,https://www.thegioididong.com/dtdd/realme-p4-power-5g-12gb-256gb
nokia-110-4g-pro,Nokia 110 4G Pro,Nokia,smartphone,820000,820000,standard,70800,4.9,10,https://www.thegioididong.com/dtdd/nokia-110-4g-pro
tecno-spark-40c-4gb-128gb,Tecno Spark 40C 4GB/128GB,Tecno,smartphone,3190000,2890000,standard,3400,4.9,3,https://www.thegioididong.com/dtdd/tecno-spark-40c-4gb-128gb
motorola-moto-g35-5g-4gb-128gb,Motorola G35 5G 4GB/128GB,Motorola,smartphone,4390000,4190000,standard,6100,4.9,10,https://www.thegioididong.com/dtdd/motorola-moto-g35-5g-4gb-128gb
xiaomi-poco-m8-8gb-256gb,Xiaomi POCO M8 5G 8GB/256GB,Xiaomi,smartphone,7490000,6590000,standard,742,4.9,5,https://www.thegioididong.com/dtdd/xiaomi-poco-m8-8gb-256gb
nubia-a36-4gb-64gb,Nubia A36 4GB/64GB,Nubia,smartphone,2990000,2990000,standard,2600,5,2600,https://www.thegioididong.com/dtdd/nubia-a36-4gb-64gb
vivo-y21d-6gb-128gb,vivo Y21d 6GB/128GB,vivo,smartphone,6290000,6290000,standard,22800,5,22800,https://www.thegioididong.com/dtdd/vivo-y21d-6gb-128gb
xiaomi-poco-x7-pro-12-256gb,Xiaomi POCO X7 Pro 5G 12GB/256GB,Xiaomi,smartphone,9990000,9390000,standard,1000,4.9,2,https://www.thegioididong.com/dtdd/xiaomi-poco-x7-pro-12-256gb
motorola-moto-g86-5g-8gb-128gb,Motorola G86 POWER 5G 8GB/128GB,Motorola,smartphone,7090000,6890000,standard,4000,4.9,10,https://www.thegioididong.com/dtdd/motorola-moto-g86-5g-8gb-128gb
vivo-v70-8gb-256gb,Vivo V70 5G 8GB/256GB,vivo,smartphone,17990000,17690000,standard,1400,5,1400,https://www.thegioididong.com/dtdd/vivo-v70-8gb-256gb
oppo-a6-pro-8gb-128gb,OPPO A6 Pro 8GB/128GB,OPPO,smartphone,8290000,8290000,standard,70700,4.9,10,https://www.thegioididong.com/dtdd/oppo-a6-pro-8gb-128gb
iphone-17e-256gb,iPhone 17e 256GB,iPhone (Apple),smartphone,17990000,17590000,standard,1900,4.9,1,https://www.thegioididong.com/dtdd/iphone-17e-256gb
nubia-v80-design-4gb-128gb,Nubia V80 Design 4GB/128GB,Nubia,smartphone,3490000,3490000,standard,196,5,196,https://www.thegioididong.com/dtdd/nubia-v80-design-4gb-128gb
tecno-spark-30c,Tecno Spark 30C 6GB/128GB,Tecno,smartphone,3240000,2940000,standard,2200,4.9,5,https://www.thegioididong.com/dtdd/tecno-spark-30c
mobell-m331,Mobell M331 4G,Mobell,smartphone,540000,540000,standard,74700,4.9,10,https://www.thegioididong.com/dtdd/mobell-m331
honor-x5c-plus-4gb-64gb,HONOR X5c Plus 4GB/64GB,HONOR,smartphone,3690000,3690000,standard,1900,5,1900,https://www.thegioididong.com/dtdd/honor-x5c-plus-4gb-64gb
oppo-a6c-4gb-64gb,OPPO A6c 4GB/64GB Mẫu mới,OPPO,smartphone,4690000,4690000,standard,,,,https://www.thegioididong.com/dtdd/oppo-a6c-4gb-64gb
samsung-galaxy-a36,Samsung Galaxy A36 5G 12GB/256GB,Samsung,smartphone,10110000,8710000,standard,8700,4.9,9,https://www.thegioididong.com/dtdd/samsung-galaxy-a36
mobell-m539,Mobell M539 4G,Mobell,smartphone,690000,690000,standard,97200,4.9,10,https://www.thegioididong.com/dtdd/mobell-m539
samsung-galaxy-s26-plus-12gb-256gb,Samsung Galaxy S26+ 5G 12GB/256GB,Samsung,smartphone,29990000,25990000,standard,1400,5,1400,https://www.thegioididong.com/dtdd/samsung-galaxy-s26-plus-12gb-256gb
motorola-edge-60-fusion-8gb-256gb,Motorola Edge 60 Fusion 5G 8GB/256GB,Motorola,smartphone,8990000,7930000,standard,3000,4.9,10,https://www.thegioididong.com/dtdd/motorola-edge-60-fusion-8gb-256gb
vivo-y04-64gb,vivo Y04 4GB/64GB,vivo,smartphone,2940000,2940000,standard,28800,5,28800,https://www.thegioididong.com/dtdd/vivo-y04-64gb
realme-note-70-4gb-64gb,realme Note 70 4GB/64GB,realme,smartphone,3090000,3090000,standard,42800,5,1,https://www.thegioididong.com/dtdd/realme-note-70-4gb-64gb
realme-c85-pro-8gb-128gb,realme C85 Pro 8GB/128GB,realme,smartphone,6990000,6790000,standard,16800,4.9,2,https://www.thegioididong.com/dtdd/realme-c85-pro-8gb-128gb
honor-x7d-5g-8gb-256gb,Honor X7d 5G 8GB/256GB,HONOR,smartphone,7790000,7290000,standard,4800,4.9,3,https://www.thegioididong.com/dtdd/honor-x7d-5g-8gb-256gb
xiaomi-17,Xiaomi 17 5G 12GB/256GB,Xiaomi,smartphone,26990000,22190000,standard,1400,4.9,7,https://www.thegioididong.com/dtdd/xiaomi-17
tecno-spark-40-6gb-128gb,Tecno Spark 40 6GB/128GB,Tecno,smartphone,3790000,3490000,standard,217,5,217,https://www.thegioididong.com/dtdd/tecno-spark-40-6gb-128gb
xiaomi-17t-pro-5g-12gb-256gb,Xiaomi 17T Pro 5G 12GB/256GB Mẫu mới,Xiaomi,smartphone,23990000,19490000,standard,,,,https://www.thegioididong.com/dtdd/xiaomi-17t-pro-5g-12gb-256gb
tecno-spark-go-3-4gb-64gb,Tecno Spark Go 3 4GB/64GB,Tecno,smartphone,3690000,3390000,standard,130,5,130,https://www.thegioididong.com/dtdd/tecno-spark-go-3-4gb-64gb
masstel-fami-60s,Masstel Fami 60S 4G,Masstel,smartphone,750000,750000,standard,43000,4.9,8,https://www.thegioididong.com/dtdd/masstel-fami-60s
vivo-y19s-pro-8gb,vivo Y19s Pro 8GB/128GB,vivo,smartphone,5400000,5000000,standard,26500,4.9,6,https://www.thegioididong.com/dtdd/vivo-y19s-pro-8gb
nubia-a56-4gb-128gb,Nubia A56 4GB/128GB,Nubia,smartphone,3390000,3390000,standard,12,4.8,1,https://www.thegioididong.com/dtdd/nubia-a56-4gb-128gb
oppo-a5-8gb-128gb,OPPO A5 8GB/128GB,OPPO,smartphone,6290000,6290000,standard,34000,4.9,10,https://www.thegioididong.com/dtdd/oppo-a5-8gb-128gb
honor-x8d-8gb-128gb,HONOR X8d 8GB/128GB,HONOR,smartphone,8090000,7590000,standard,675,5,675,https://www.thegioididong.com/dtdd/honor-x8d-8gb-128gb
honor-x6c-6gb-128gb,HONOR X6c 6GB/128GB,HONOR,smartphone,4590000,4490000,standard,6200,4.9,6,https://www.thegioididong.com/dtdd/honor-x6c-6gb-128gb
xiaomi-redmi-a5-3gb-64gb,Xiaomi Redmi A5 3GB/64GB,Xiaomi,smartphone,2740000,2740000,standard,53500,4.9,5,https://www.thegioididong.com/dtdd/xiaomi-redmi-a5-3gb-64gb
xiaomi-15t-pro-12gb-256gb,Xiaomi 15T Pro 5G 12GB/256GB,Xiaomi,smartphone,18490000,16490000,standard,7200,4.9,10,https://www.thegioididong.com/dtdd/xiaomi-15t-pro-12gb-256gb
oppo-reno14-f-5g-12gb-256gb,OPPO Reno14 F 5G 12GB/256GB,OPPO,smartphone,11290000,11090000,standard,104500,4.9,10,https://www.thegioididong.com/dtdd/oppo-reno14-f-5g-12gb-256gb
samsung-galaxy-a26-6gb-128gb,Samsung Galaxy A26 5G 6GB/128GB,Samsung,smartphone,6990000,6590000,standard,12200,4.9,5,https://www.thegioididong.com/dtdd/samsung-galaxy-a26-6gb-128gb
motorola-g57-power-5g-8gb-128gb,Motorola G57 Power 5G 8GB/128GB,Motorola,smartphone,6990000,6690000,standard,819,4.9,3,https://www.thegioididong.com/dtdd/motorola-g57-power-5g-8gb-128gb
xiaomi-17-ultra,Xiaomi 17 Ultra 5G 16GB/512GB,Xiaomi,smartphone,39990000,33190000,standard,657,4.9,6,https://www.thegioididong.com/dtdd/xiaomi-17-ultra
realme-16-pro-5g-12gb-256gb,realme 16 Pro 5G 12GB/256GB,realme,smartphone,14490000,14040000,standard,2300,4.9,4,https://www.thegioididong.com/dtdd/realme-16-pro-5g-12gb-256gb
xiaomi-15t-pro-5g-12gb-512gb,Xiaomi 15T Pro 5G 12GB/512GB,Xiaomi,smartphone,19490000,16990000,standard,3700,5,3,https://www.thegioididong.com/dtdd/xiaomi-15t-pro-5g-12gb-512gb
tecno-pova-7-8gb-256gb,Tecno Pova 7 8GB/256GB,Tecno,smartphone,5690000,4990000,standard,579,5,579,https://www.thegioididong.com/dtdd/tecno-pova-7-8gb-256gb
nokia-3210-4g,Nokia 3210 4G,Nokia,smartphone,1490000,1490000,standard,23200,4.9,10,https://www.thegioididong.com/dtdd/nokia-3210-4g
samsung-galaxy-z-flip7-fe,Samsung Galaxy Z Flip7 FE 5G 8GB/128GB,Samsung,smartphone,22990000,17490000,standard,2400,4.9,1,https://www.thegioididong.com/dtdd/samsung-galaxy-z-flip7-fe
xiaomi-redmi-note-15-5g-6gb-128gb,Xiaomi Redmi Note 15 5G 6GB/128GB,Xiaomi,smartphone,7490000,6990000,standard,1000,4.9,1,https://www.thegioididong.com/dtdd/xiaomi-redmi-note-15-5g-6gb-128gb
xiaomi-redmi-note-14-pro-5g,Xiaomi Redmi Note 14 Pro 5G 8GB/256GB,Xiaomi,smartphone,9320000,7420000,standard,65800,4.9,10,https://www.thegioididong.com/dtdd/xiaomi-redmi-note-14-pro-5g
samsung-galaxy-z-flip7,Samsung Galaxy Z Flip7 5G 12GB/256GB,Samsung,smartphone,28990000,23990000,standard,2300,5,2300,https://www.thegioididong.com/dtdd/samsung-galaxy-z-flip7
vivo-x300,vivo X300 5G 12GB/256GB,vivo,smartphone,23990000,21990000,standard,1800,4.9,7,https://www.thegioididong.com/dtdd/vivo-x300
vivo-v50-lite-5g,vivo V50 Lite 5G 8GB/256GB,vivo,smartphone,9810000,8810000,standard,14900,4.9,10,https://www.thegioididong.com/dtdd/vivo-v50-lite-5g
honor-400-lite,HONOR 400 Lite 12GB/256GB,HONOR,smartphone,8830000,8330000,standard,8200,4.9,10,https://www.thegioididong.com/dtdd/honor-400-lite
tecno-spark-50-4gb-128gb,Tecno Spark 50 4GB/128GB Mẫu mới,Tecno,smartphone,4990000,4590000,standard,2,,,https://www.thegioididong.com/dtdd/tecno-spark-50-4gb-128gb
oppo-a6t-4gb-64gb,OPPO A6t 4GB/64GB,OPPO,smartphone,4990000,4990000,standard,475,5,475,https://www.thegioididong.com/dtdd/oppo-a6t-4gb-64gb
motorola-edge-70-8gb-256gb,Motorola Edge 70 8GB/256GB,Motorola,smartphone,13990000,12400000,standard,509,4.9,2,https://www.thegioididong.com/dtdd/motorola-edge-70-8gb-256gb
vivo-y29-8gb-128gb,vivo Y29 8GB/128GB,vivo,smartphone,6380000,5880000,standard,52900,4.9,10,https://www.thegioididong.com/dtdd/vivo-y29-8gb-128gb
mobell-rock-7,Mobell Rock 7,Mobell,smartphone,890000,890000,standard,1400,5,1400,https://www.thegioididong.com/dtdd/mobell-rock-7
realme-15-5g-12gb-256gb,realme 15 5G 12GB/256GB,realme,smartphone,11490000,10490000,standard,4500,5,1,https://www.thegioididong.com/dtdd/realme-15-5g-12gb-256gb
vivo-v60-12gb-256gb,vivo V60 5G 12GB/256GB,vivo,smartphone,15990000,15390000,standard,3400,4.9,6,https://www.thegioididong.com/dtdd/vivo-v60-12gb-256gb
honor-x9d-5g-12gb-256gb,HONOR X9d 5G 12GB/256GB,HONOR,smartphone,11990000,11190000,standard,7900,4.9,10,https://www.thegioididong.com/dtdd/honor-x9d-5g-12gb-256gb
honor-x7d-8gb-128gb,Honor X7d 8GB/128GB,HONOR,smartphone,6490000,6190000,standard,524,5,524,https://www.thegioididong.com/dtdd/honor-x7d-8gb-128gb
oppo-a5x-4gb-128gb,OPPO A5x 4GB/128GB,OPPO,smartphone,4220000,4220000,standard,92300,4.9,10,https://www.thegioididong.com/dtdd/oppo-a5x-4gb-128gb
xiaomi-poco-f8-pro-12-512gb,Xiaomi POCO F8 Pro 12GB/512GB,Xiaomi,smartphone,19990000,18990000,standard,118,5,118,https://www.thegioididong.com/dtdd/xiaomi-poco-f8-pro-12-512gb
oppo-find-x9-ultra,OPPO Find X9 Ultra 12GB/512GB,OPPO,smartphone,49990000,48990000,standard,179,5,179,https://www.thegioididong.com/dtdd/oppo-find-x9-ultra
mobell-f309,Mobell F309 4G,Mobell,smartphone,750000,750000,standard,46900,4.9,10,https://www.thegioididong.com/dtdd/mobell-f309
honor-x5c-4gb-64gb,HONOR X5c 4GB/64GB,HONOR,smartphone,3290000,3290000,standard,304,5,304,https://www.thegioididong.com/dtdd/honor-x5c-4gb-64gb
oppo-find-x9-12gb-256gb,OPPO Find X9 5G 12GB/256GB,OPPO,smartphone,28990000,24990000,standard,5000,4.9,10,https://www.thegioididong.com/dtdd/oppo-find-x9-12gb-256gb
masstel-izi-10,Masstel IZI 10 4G,Masstel,smartphone,430000,430000,standard,456700,4.9,10,https://www.thegioididong.com/dtdd/masstel-izi-10
vivo-x300-pro,vivo X300 Pro 5G 16GB/512GB,vivo,smartphone,34990000,31990000,standard,1000,4.9,3,https://www.thegioididong.com/dtdd/vivo-x300-pro
nubia-air-5g-8gb-256gb,Nubia Air 5G 8GB/256GB,Nubia,smartphone,5490000,5490000,standard,19,5,19,https://www.thegioididong.com/dtdd/nubia-air-5g-8gb-256gb
oppo-reno13-5g,OPPO Reno13 5G 12GB/256GB,OPPO,smartphone,15700000,13200000,standard,21400,4.9,10,https://www.thegioididong.com/dtdd/oppo-reno13-5g
vivo-x300-ultra,Vivo X300 Ultra 16GB/512GB,vivo,smartphone,49990000,41990000,standard,110,5,110,https://www.thegioididong.com/dtdd/vivo-x300-ultra
oppo-a5i-pro-8gb-128gb,OPPO A5i Pro 8GB/128GB,OPPO,smartphone,6290000,6290000,standard,936,4.9,4,https://www.thegioididong.com/dtdd/oppo-a5i-pro-8gb-128gb
realme-14-5g,realme 14 5G 12GB/256GB,realme,smartphone,10300000,10300000,standard,4100,4.9,7,https://www.thegioididong.com/dtdd/realme-14-5g
oppo-find-x9-pro-16gb-512gb,OPPO Find X9 Pro 5G 16GB/512GB,OPPO,smartphone,36990000,33990000,standard,1400,4.9,5,https://www.thegioididong.com/dtdd/oppo-find-x9-pro-16gb-512gb
xiaomi-redmi-note-14-pro,Xiaomi Redmi Note 14 Pro 8GB/256GB,Xiaomi,smartphone,7850000,6450000,standard,85500,4.9,10,https://www.thegioididong.com/dtdd/xiaomi-redmi-note-14-pro
oppo-find-n6,OPPO Find N6 5G 16GB/512GB,OPPO,smartphone,64990000,64990000,standard,86,5,86,https://www.thegioididong.com/dtdd/oppo-find-n6
realme-15-pro-5g-12gb-256gb,realme 15 Pro 5G 12GB/256GB,realme,smartphone,14990000,13990000,standard,1500,4.9,3,https://www.thegioididong.com/dtdd/realme-15-pro-5g-12gb-256gb
motorola-signature-12gb-256gb,Motorola Signature 12GB/256GB,Motorola,smartphone,22990000,20480000,standard,155,5,155,https://www.thegioididong.com/dtdd/motorola-signature-12gb-256gb
oppo-find-x8-pro,OPPO Find X8 Pro 5G 16GB/512GB,OPPO,smartphone,29450000,29450000,standard,732,4.9,5,https://www.thegioididong.com/dtdd/oppo-find-x8-pro
realme-16t-5g-8gb-128gb,realme 16T 5G 8GB/128GB Mẫu mới,realme,smartphone,,,standard,,,,https://www.thegioididong.com/dtdd/realme-16t-5g-8gb-128gb
xiaomi-poco-x8-pro-8gb-512gb,Xiaomi POCO X8 Pro 5G 8GB/512GB,Xiaomi,smartphone,11990000,10490000,standard,1100,5,1100,https://www.thegioididong.com/dtdd/xiaomi-poco-x8-pro-8gb-512gb
oppo-find-n3-flip-hong,OPPO Find N3 Flip 5G 12GB/256GB Hồng,OPPO,smartphone,22580000,17580000,standard,2700,4.9,10,https://www.thegioididong.com/dtdd/oppo-find-n3-flip-hong
iphone-16e,iPhone 16e 128GB,iPhone (Apple),smartphone,16990000,16990000,standard,7000,4.9,10,https://www.thegioididong.com/dtdd/iphone-16e
oppo-a5-pro-5g,OPPO A5 Pro 5G 8GB/256GB,OPPO,smartphone,8340000,8340000,standard,41700,4.9,10,https://www.thegioididong.com/dtdd/oppo-a5-pro-5g
honor-400-5g-12gb-256gb-den,HONOR 400 5G 12GB/256GB Đen,HONOR,smartphone,13250000,12750000,standard,1300,4.9,4,https://www.thegioididong.com/dtdd/honor-400-5g-12gb-256gb-den
motorola-razr-60-8gb-256gb,Motorola Razr 60 5G 8GB/256GB,Motorola,smartphone,19990000,17560000,standard,588,5,588,https://www.thegioididong.com/dtdd/motorola-razr-60-8gb-256gb
honor-play-10-3gb-64gb,HONOR Play 10 3GB/64GB,HONOR,smartphone,2990000,2690000,standard,2100,4.9,1,https://www.thegioididong.com/dtdd/honor-play-10-3gb-64gb
samsung-galaxy-s25-plus,Samsung Galaxy S25 Plus 5G 12GB/256GB,Samsung,smartphone,26500000,22700000,standard,4800,4.9,7,https://www.thegioididong.com/dtdd/samsung-galaxy-s25-plus
realme-c75x,realme C75x 8GB/128GB,realme,smartphone,5200000,5200000,standard,18900,4.9,4,https://www.thegioididong.com/dtdd/realme-c75x
samsung-galaxy-s25-edge-5g-512gb,Samsung Galaxy S25 Edge 5G 12GB/512GB,Samsung,smartphone,35990000,24590000,standard,1800,4.9,7,https://www.thegioididong.com/dtdd/samsung-galaxy-s25-edge-5g-512gb
honor-magic-v5-5g-16gb-512gb,HONOR Magic V5 5G 16GB/512GB,HONOR,smartphone,44990000,39990000,standard,195,5,1,https://www.thegioididong.com/dtdd/honor-magic-v5-5g-16gb-512gb
realme-note-60-4gb-128gb,realme Note 60 4GB/128GB,realme,smartphone,3330000,3330000,standard,20900,4.9,2,https://www.thegioididong.com/dtdd/realme-note-60-4gb-128gb
vivo-v40-5g,vivo V40 5G 12GB/256GB,vivo,smartphone,12760000,11260000,standard,5900,4.9,10,https://www.thegioididong.com/dtdd/vivo-v40-5g
oppo-reno13-f-5g-12gb-512gb,OPPO Reno13 F 5G 12GB/512GB,OPPO,smartphone,11780000,11780000,standard,29900,4.9,10,https://www.thegioididong.com/dtdd/oppo-reno13-f-5g-12gb-512gb
vivo-y03,vivo Y03 4GB/128GB,vivo,smartphone,3240000,3240000,standard,54400,4.9,10,https://www.thegioididong.com/dtdd/vivo-y03
vivo-v30e-12gb,vivo V30e 5G 12GB/256GB,vivo,smartphone,10300000,10300000,standard,4300,4.9,10,https://www.thegioididong.com/dtdd/vivo-v30e-12gb
oppo-a3-6gb-128gb,OPPO A3 6GB/128GB,OPPO,smartphone,4900000,4900000,standard,4900,4.9,5,https://www.thegioididong.com/dtdd/oppo-a3-6gb-128gb
vivo-v40-lite-8gb-256gb,vivo V40 Lite 8GB/256GB,vivo,smartphone,8340000,8340000,standard,36400,4.9,10,https://www.thegioididong.com/dtdd/vivo-v40-lite-8gb-256gb
realme-c75-8gb-256gb,realme C75 8GB/256GB,realme,smartphone,6380000,5580000,standard,15800,4.9,10,https://www.thegioididong.com/dtdd/realme-c75-8gb-256gb
vivo-v50-lite,vivo V50 Lite 8GB/256GB,vivo,smartphone,8830000,8830000,standard,12300,4.9,3,https://www.thegioididong.com/dtdd/vivo-v50-lite
oppo-a78,OPPO A78 8GB/256GB,OPPO,smartphone,6870000,6870000,standard,61100,4.9,,https://www.thegioididong.com/dtdd/oppo-a78
oppo-a58-4g,OPPO A58 8GB/128GB,OPPO,smartphone,5400000,5400000,standard,141800,4.9,10,https://www.thegioididong.com/dtdd/oppo-a58-4g
realme-c53,realme C53 6GB/128GB,realme,smartphone,4220000,4220000,standard,121400,4.9,10,https://www.thegioididong.com/dtdd/realme-c53
oppo-reno12-pro,OPPO Reno12 Pro 5G 12GB/512GB,OPPO,smartphone,18650000,18650000,standard,3700,4.9,8,https://www.thegioididong.com/dtdd/oppo-reno12-pro
vivo-y28-256gb,vivo Y28 8GB/256GB,vivo,smartphone,6380000,6380000,standard,21700,4.9,4,https://www.thegioididong.com/dtdd/vivo-y28-256gb
oppo-reno12-f-5g-8gb-256gb,OPPO Reno12 F 5G 8GB/256GB,OPPO,smartphone,9320000,9320000,standard,5400,4.9,4,https://www.thegioididong.com/dtdd/oppo-reno12-f-5g-8gb-256gb
samsung-galaxy-a16,Samsung Galaxy A16 8GB/256GB,Samsung,smartphone,5790000,4890000,standard,43700,4.9,10,https://www.thegioididong.com/dtdd/samsung-galaxy-a16
oppo-reno13-pro-5g,OPPO Reno13 Pro 5G 12GB/512GB,OPPO,smartphone,18650000,18650000,standard,4100,4.9,9,https://www.thegioididong.com/dtdd/oppo-reno13-pro-5g
xiaomi-redmi-note-14-pro-plus-5g-12gb-512gb,Xiaomi Redmi Note 14 Pro+ 5G 12GB/512GB,Xiaomi,smartphone,12760000,10360000,standard,26800,4.9,10,https://www.thegioididong.com/dtdd/xiaomi-redmi-note-14-pro-plus-5g-12gb-512gb
samsung-galaxy-z-fold7,Samsung Galaxy Z Fold7 5G 12GB/256GB,Samsung,smartphone,46990000,41990000,standard,3200,5,2,https://www.thegioididong.com/dtdd/samsung-galaxy-z-fold7
honor-600-pro-12gb-256gb,Honor 600 Pro 12GB/256GB Mẫu mới,HONOR,smartphone,,,standard,,,,https://www.thegioididong.com/dtdd/honor-600-pro-12gb-256gb
honor-600-8gb-256gb,Honor 600 8GB/256GB Mẫu mới,HONOR,smartphone,,,standard,,,,https://www.thegioididong.com/dtdd/honor-600-8gb-256gb
honor-600-lite-8gb-256gb,Honor 600 Lite 8GB/256GB Mẫu mới,HONOR,smartphone,,,standard,,,,https://www.thegioididong.com/dtdd/honor-600-lite-8gb-256gb
realme-c100x-4gb-128gb,realme C100x 4GB/128GB Mẫu mới,realme,smartphone,,,standard,,,,https://www.thegioididong.com/dtdd/realme-c100x-4gb-128gb
realme-c100x-4gb-256gb,realme C100x 4GB/256GB Mẫu mới,realme,smartphone,,,standard,,,,https://www.thegioididong.com/dtdd/realme-c100x-4gb-256gb
realme-c100x-6gb-128gb,realme C100x 6GB/128GB Mẫu mới,realme,smartphone,,,standard,,,,https://www.thegioididong.com/dtdd/realme-c100x-6gb-128gb
oppo-a6t-pro-8gb-128gb,OPPO A6t Pro 8GB/128GB Mẫu mới,OPPO,smartphone,8990000,8990000,standard,,,,https://www.thegioididong.com/dtdd/oppo-a6t-pro-8gb-128gb
nubia-v80-max-4gb-128gb,Nubia V80 Max 4GB/128GB,Nubia,smartphone,3390000,3390000,standard,56,5,56,https://www.thegioididong.com/dtdd/nubia-v80-max-4gb-128gb
